id,label
TEST_0000,4
TEST_0001,3
TEST_0002,2
TEST_0003,4
TEST_0004,5
TEST_0005,4
TEST_0006,1
TEST_0007,4
TEST_0008,5
TEST_0009,3
TEST_0010,1
TEST_0011,0
TEST_0012,3
TEST_0013,0
TEST_0014,5
TEST_0015,4
TEST_0016,1
TEST_0017,3
TEST_0018,3
TEST_0019,1
TEST_0020,1
TEST_0021,1
TEST_0022,3
TEST_0023,5
TEST_0024,4
TEST_0025,1
TEST_0026,2
TEST_0027,1
TEST_0028,5
TEST_0029,2
TEST_0030,2
TEST_0031,2
TEST_0032,3
TEST_0033,4
TEST_0034,5
TEST_0035,1
TEST_0036,0
TEST_0037,1
TEST_0038,1
TEST_0039,1
TEST_0040,0
TEST_0041,0
TEST_0042,2
TEST_0043,4
TEST_0044,4
TEST_0045,5
TEST_0046,5
TEST_0047,0
TEST_0048,4
TEST_0049,5
TEST_0050,0
TEST_0051,1
TEST_0052,0
TEST_0053,2
TEST_0054,1
TEST_0055,1
TEST_0056,4
TEST_0057,5
TEST_0058,2
TEST_0059,4
TEST_0060,0
TEST_0061,0
TEST_0062,1
TEST_0063,0
TEST_0064,3
TEST_0065,3
TEST_0066,2
TEST_0067,2
TEST_0068,5
TEST_0069,3
TEST_0070,0
TEST_0071,2
TEST_0072,4
TEST_0073,3
TEST_0074,5
TEST_0075,1
TEST_0076,5
TEST_0077,2
TEST_0078,4
TEST_0079,5
TEST_0080,3
TEST_0081,1
TEST_0082,1
TEST_0083,2
TEST_0084,4
TEST_0085,5
TEST_0086,5
TEST_0087,2
TEST_0088,1
TEST_0089,3
TEST_0090,3
TEST_0091,0
TEST_0092,5
TEST_0093,0
TEST_0094,5
TEST_0095,5
TEST_0096,1
TEST_0097,1
TEST_0098,3
TEST_0099,2
TEST_0100,1
TEST_0101,1
TEST_0102,0
TEST_0103,2
TEST_0104,3
TEST_0105,5
TEST_0106,4
TEST_0107,1
TEST_0108,1
TEST_0109,2
TEST_0110,5
TEST_0111,0
TEST_0112,5
TEST_0113,4
TEST_0114,3
TEST_0115,2
TEST_0116,4
TEST_0117,5
TEST_0118,0
TEST_0119,0
TEST_0120,0
TEST_0121,0
TEST_0122,2
TEST_0123,4
TEST_0124,5
TEST_0125,5
TEST_0126,4
TEST_0127,5
TEST_0128,3
TEST_0129,2
TEST_0130,4
TEST_0131,3
TEST_0132,3
TEST_0133,1
TEST_0134,2
TEST_0135,5
TEST_0136,5
TEST_0137,0
TEST_0138,5
TEST_0139,0
TEST_0140,2
TEST_0141,4
TEST_0142,0
TEST_0143,5
TEST_0144,0
TEST_0145,0
TEST_0146,0
TEST_0147,4
TEST_0148,4
TEST_0149,1
TEST_0150,4
TEST_0151,1
TEST_0152,4
TEST_0153,4
TEST_0154,4
TEST_0155,0
TEST_0156,3
TEST_0157,5
TEST_0158,1
TEST_0159,5
TEST_0160,0
TEST_0161,2
TEST_0162,2
TEST_0163,0
TEST_0164,1
TEST_0165,4
TEST_0166,3
TEST_0167,0
TEST_0168,5
TEST_0169,5
TEST_0170,4
TEST_0171,2
TEST_0172,2
TEST_0173,4
TEST_0174,5
TEST_0175,1
TEST_0176,4
TEST_0177,3
TEST_0178,5
TEST_0179,1
TEST_0180,5
TEST_0181,3
TEST_0182,2
TEST_0183,2
TEST_0184,3
TEST_0185,1
TEST_0186,5
TEST_0187,3
TEST_0188,0
TEST_0189,3
TEST_0190,2
TEST_0191,0
TEST_0192,3
TEST_0193,2
TEST_0194,5
TEST_0195,5
TEST_0196,4
TEST_0197,5
TEST_0198,0
TEST_0199,5
TEST_0200,1
TEST_0201,5
TEST_0202,0
TEST_0203,1
TEST_0204,5
TEST_0205,3
TEST_0206,5
TEST_0207,4
TEST_0208,0
TEST_0209,2
TEST_0210,3
TEST_0211,0
TEST_0212,5
TEST_0213,5
TEST_0214,4
TEST_0215,3
TEST_0216,3
TEST_0217,0
TEST_0218,2
TEST_0219,5
TEST_0220,0
TEST_0221,1
TEST_0222,3
TEST_0223,5
TEST_0224,0
TEST_0225,4
TEST_0226,2
TEST_0227,0
TEST_0228,5
TEST_0229,1
TEST_0230,2
TEST_0231,5
TEST_0232,4
TEST_0233,3
TEST_0234,5
TEST_0235,4
TEST_0236,2
TEST_0237,5
TEST_0238,1
TEST_0239,0
TEST_0240,1
TEST_0241,5
TEST_0242,5
TEST_0243,1
TEST_0244,2
TEST_0245,4
TEST_0246,4
TEST_0247,3
TEST_0248,5
TEST_0249,2
TEST_0250,5
TEST_0251,2
TEST_0252,3
TEST_0253,5
TEST_0254,2
TEST_0255,1
TEST_0256,2
TEST_0257,5
TEST_0258,4
TEST_0259,3
TEST_0260,5
TEST_0261,5
TEST_0262,5
TEST_0263,0
TEST_0264,3
TEST_0265,3
TEST_0266,4
TEST_0267,0
TEST_0268,5
TEST_0269,0
TEST_0270,5
TEST_0271,2
TEST_0272,1
TEST_0273,1
TEST_0274,4
TEST_0275,1
TEST_0276,5
TEST_0277,2
TEST_0278,4
TEST_0279,3
TEST_0280,5
TEST_0281,4
TEST_0282,5
TEST_0283,4
TEST_0284,0
TEST_0285,0
TEST_0286,5
TEST_0287,2
TEST_0288,2
TEST_0289,2
TEST_0290,5
TEST_0291,4
TEST_0292,1
TEST_0293,0
TEST_0294,4
TEST_0295,5
TEST_0296,5
TEST_0297,0
TEST_0298,2
TEST_0299,5
TEST_0300,5
TEST_0301,2
TEST_0302,0
TEST_0303,4
TEST_0304,2
TEST_0305,2
TEST_0306,5
TEST_0307,4
TEST_0308,2
TEST_0309,3
TEST_0310,0
TEST_0311,4
TEST_0312,1
TEST_0313,3
TEST_0314,5
TEST_0315,4
TEST_0316,4
TEST_0317,5
TEST_0318,1
TEST_0319,5
TEST_0320,1
TEST_0321,2
TEST_0322,0
TEST_0323,4
TEST_0324,3
TEST_0325,4
TEST_0326,1
TEST_0327,5
TEST_0328,5
TEST_0329,5
TEST_0330,1
TEST_0331,1
TEST_0332,4
TEST_0333,4
TEST_0334,4
TEST_0335,1
TEST_0336,3
TEST_0337,2
TEST_0338,2
TEST_0339,4
TEST_0340,2
TEST_0341,1
TEST_0342,0
TEST_0343,1
TEST_0344,5
TEST_0345,2
TEST_0346,5
TEST_0347,3
TEST_0348,0
TEST_0349,0
TEST_0350,0
TEST_0351,4
TEST_0352,2
TEST_0353,0
TEST_0354,4
TEST_0355,2
TEST_0356,1
TEST_0357,0
TEST_0358,0
TEST_0359,4
TEST_0360,0
TEST_0361,5
TEST_0362,2
TEST_0363,2
TEST_0364,1
TEST_0365,4
TEST_0366,4
TEST_0367,2
TEST_0368,4
TEST_0369,4
TEST_0370,3
TEST_0371,3
TEST_0372,4
TEST_0373,2
TEST_0374,1
TEST_0375,2
TEST_0376,5
TEST_0377,3
TEST_0378,4
TEST_0379,0
TEST_0380,2
TEST_0381,2
TEST_0382,2
TEST_0383,5
TEST_0384,1
TEST_0385,2
TEST_0386,0
TEST_0387,5
TEST_0388,2
TEST_0389,2
TEST_0390,5
TEST_0391,2
TEST_0392,2
TEST_0393,0
TEST_0394,2
TEST_0395,5
TEST_0396,4
TEST_0397,3
TEST_0398,4
TEST_0399,1
TEST_0400,5
TEST_0401,3
TEST_0402,0
TEST_0403,1
TEST_0404,1
TEST_0405,0
TEST_0406,1
TEST_0407,1
TEST_0408,1
TEST_0409,1
TEST_0410,1
TEST_0411,1
TEST_0412,1
TEST_0413,4
TEST_0414,2
TEST_0415,4
TEST_0416,4
TEST_0417,1
TEST_0418,2
TEST_0419,4
TEST_0420,5
TEST_0421,1
TEST_0422,0
TEST_0423,0
TEST_0424,5
TEST_0425,5
TEST_0426,2
TEST_0427,0
TEST_0428,3
TEST_0429,1
TEST_0430,0
TEST_0431,4
TEST_0432,2
TEST_0433,4
TEST_0434,4
TEST_0435,2
TEST_0436,5
TEST_0437,3
TEST_0438,0
TEST_0439,2
TEST_0440,3
TEST_0441,1
TEST_0442,2
TEST_0443,0
TEST_0444,4
TEST_0445,3
TEST_0446,2
TEST_0447,2
TEST_0448,4
TEST_0449,1
TEST_0450,1
TEST_0451,2
TEST_0452,2
TEST_0453,3
TEST_0454,5
TEST_0455,1
TEST_0456,2
TEST_0457,1
TEST_0458,4
TEST_0459,2
TEST_0460,0
TEST_0461,3
TEST_0462,3
TEST_0463,5
TEST_0464,2
TEST_0465,4
TEST_0466,2
TEST_0467,1
TEST_0468,0
TEST_0469,3
TEST_0470,3
TEST_0471,1
TEST_0472,4
TEST_0473,2
TEST_0474,5
TEST_0475,1
TEST_0476,4
TEST_0477,5
TEST_0478,0
TEST_0479,5
TEST_0480,5
TEST_0481,5
TEST_0482,0
TEST_0483,2
TEST_0484,4
TEST_0485,1
TEST_0486,5
TEST_0487,1
TEST_0488,2
TEST_0489,1
TEST_0490,3
TEST_0491,0
TEST_0492,5
TEST_0493,5
TEST_0494,4
TEST_0495,3
TEST_0496,4
TEST_0497,1
TEST_0498,3
TEST_0499,2
TEST_0500,2
TEST_0501,1
TEST_0502,0
TEST_0503,4
TEST_0504,4
TEST_0505,2
TEST_0506,1
TEST_0507,4
TEST_0508,3
TEST_0509,5
TEST_0510,5
TEST_0511,5
TEST_0512,2
TEST_0513,2
TEST_0514,4
TEST_0515,1
TEST_0516,1
TEST_0517,1
TEST_0518,3
TEST_0519,5
TEST_0520,5
TEST_0521,3
TEST_0522,2
TEST_0523,5
TEST_0524,5
TEST_0525,2
TEST_0526,4
TEST_0527,0
TEST_0528,0
TEST_0529,1
TEST_0530,2
TEST_0531,5
TEST_0532,0
TEST_0533,1
TEST_0534,5
TEST_0535,0
TEST_0536,1
TEST_0537,2
TEST_0538,2
TEST_0539,1
TEST_0540,1
TEST_0541,4
TEST_0542,3
TEST_0543,0
TEST_0544,4
TEST_0545,5
TEST_0546,0
TEST_0547,2
TEST_0548,4
TEST_0549,1
TEST_0550,3
TEST_0551,5
TEST_0552,2
TEST_0553,1
TEST_0554,5
TEST_0555,5
TEST_0556,1
TEST_0557,0
TEST_0558,5
TEST_0559,2
TEST_0560,1
TEST_0561,2
TEST_0562,2
TEST_0563,5
TEST_0564,4
TEST_0565,3
TEST_0566,1
TEST_0567,0
TEST_0568,2
TEST_0569,4
TEST_0570,2
TEST_0571,1
TEST_0572,2
TEST_0573,1
TEST_0574,1
TEST_0575,1
TEST_0576,1
TEST_0577,3
TEST_0578,2
TEST_0579,0
TEST_0580,2
TEST_0581,2
TEST_0582,3
TEST_0583,2
TEST_0584,3
TEST_0585,5
TEST_0586,4
TEST_0587,0
TEST_0588,4
TEST_0589,3
TEST_0590,4
TEST_0591,0
TEST_0592,0
TEST_0593,5
TEST_0594,2
TEST_0595,0
TEST_0596,5
TEST_0597,5
TEST_0598,1
TEST_0599,0
TEST_0600,1
TEST_0601,0
TEST_0602,3
TEST_0603,4
TEST_0604,0
TEST_0605,3
TEST_0606,0
TEST_0607,4
TEST_0608,5
TEST_0609,1
TEST_0610,5
TEST_0611,5
TEST_0612,0
TEST_0613,4
TEST_0614,3
TEST_0615,3
TEST_0616,1
TEST_0617,0
TEST_0618,2
TEST_0619,2
TEST_0620,0
TEST_0621,1
TEST_0622,1
TEST_0623,5
TEST_0624,3
TEST_0625,5
TEST_0626,3
TEST_0627,3
TEST_0628,5
TEST_0629,2
TEST_0630,0
TEST_0631,3
TEST_0632,0
TEST_0633,5
TEST_0634,2
TEST_0635,3
TEST_0636,3
TEST_0637,0
TEST_0638,3
TEST_0639,5
TEST_0640,5
TEST_0641,5
TEST_0642,5
TEST_0643,1
TEST_0644,4
TEST_0645,4
TEST_0646,2
TEST_0647,1
TEST_0648,3
TEST_0649,1
TEST_0650,0
TEST_0651,1
TEST_0652,2
TEST_0653,5
TEST_0654,5
TEST_0655,1
TEST_0656,1
TEST_0657,3
TEST_0658,3
TEST_0659,1
TEST_0660,4
TEST_0661,4
TEST_0662,4
TEST_0663,5
TEST_0664,1
TEST_0665,4
TEST_0666,2
TEST_0667,0
TEST_0668,2
TEST_0669,0
TEST_0670,0
TEST_0671,1
TEST_0672,4
TEST_0673,5
TEST_0674,0
TEST_0675,5
TEST_0676,3
TEST_0677,4
TEST_0678,2
TEST_0679,5
TEST_0680,3
TEST_0681,0
TEST_0682,0
TEST_0683,2
TEST_0684,3
TEST_0685,2
TEST_0686,5
TEST_0687,1
TEST_0688,2
TEST_0689,4
TEST_0690,2
TEST_0691,0
TEST_0692,5
TEST_0693,3
TEST_0694,5
TEST_0695,4
TEST_0696,1
TEST_0697,3
TEST_0698,3
TEST_0699,0
TEST_0700,1
TEST_0701,2
TEST_0702,3
TEST_0703,0
TEST_0704,3
TEST_0705,0
TEST_0706,5
TEST_0707,2
TEST_0708,5
TEST_0709,4
TEST_0710,3
TEST_0711,5
TEST_0712,1
TEST_0713,0
TEST_0714,2
TEST_0715,0
TEST_0716,3
TEST_0717,4
TEST_0718,0
TEST_0719,0
TEST_0720,1
TEST_0721,1
TEST_0722,2
TEST_0723,0
TEST_0724,3
TEST_0725,2
TEST_0726,2
TEST_0727,0
TEST_0728,5
TEST_0729,0
TEST_0730,0
TEST_0731,4
TEST_0732,3
TEST_0733,5
TEST_0734,4
TEST_0735,4
TEST_0736,2
TEST_0737,3
TEST_0738,4
TEST_0739,1
TEST_0740,5
TEST_0741,5
TEST_0742,5
TEST_0743,0
TEST_0744,4
TEST_0745,0
TEST_0746,0
TEST_0747,4
TEST_0748,0
TEST_0749,4
TEST_0750,4
TEST_0751,0
TEST_0752,2
TEST_0753,1
TEST_0754,3
TEST_0755,5
TEST_0756,5
TEST_0757,3
TEST_0758,0
TEST_0759,2
TEST_0760,0
TEST_0761,5
TEST_0762,1
TEST_0763,3
TEST_0764,1
TEST_0765,2
TEST_0766,1
TEST_0767,5
TEST_0768,2
TEST_0769,3
TEST_0770,2
TEST_0771,3
TEST_0772,2
TEST_0773,3
TEST_0774,0
TEST_0775,4
TEST_0776,3
TEST_0777,4
TEST_0778,0
TEST_0779,0
TEST_0780,5
TEST_0781,0
TEST_0782,2
TEST_0783,2
TEST_0784,0
TEST_0785,5
TEST_0786,2
TEST_0787,0
TEST_0788,2
TEST_0789,0
TEST_0790,0
TEST_0791,2
TEST_0792,0
TEST_0793,4
TEST_0794,0
TEST_0795,1
TEST_0796,2
TEST_0797,3
TEST_0798,3
TEST_0799,4
TEST_0800,5
TEST_0801,5
TEST_0802,2
TEST_0803,0
TEST_0804,1
TEST_0805,4
TEST_0806,2
TEST_0807,0
TEST_0808,1
TEST_0809,2
TEST_0810,1
TEST_0811,0
TEST_0812,1
TEST_0813,4
TEST_0814,4
TEST_0815,0
TEST_0816,2
TEST_0817,3
TEST_0818,0
TEST_0819,0
TEST_0820,0
TEST_0821,3
TEST_0822,0
TEST_0823,3
TEST_0824,4
TEST_0825,3
TEST_0826,0
TEST_0827,0
TEST_0828,3
TEST_0829,2
TEST_0830,0
TEST_0831,4
TEST_0832,3
TEST_0833,0
TEST_0834,0
TEST_0835,3
TEST_0836,2
TEST_0837,2
TEST_0838,5
TEST_0839,5
TEST_0840,1
TEST_0841,2
TEST_0842,1
TEST_0843,2
TEST_0844,2
TEST_0845,3
TEST_0846,2
TEST_0847,0
TEST_0848,1
TEST_0849,2
TEST_0850,5
TEST_0851,2
TEST_0852,5
TEST_0853,4
TEST_0854,0
TEST_0855,0
TEST_0856,0
TEST_0857,3
TEST_0858,5
TEST_0859,1
TEST_0860,0
TEST_0861,5
TEST_0862,0
TEST_0863,1
TEST_0864,5
TEST_0865,4
TEST_0866,5
TEST_0867,3
TEST_0868,3
TEST_0869,0
TEST_0870,1
TEST_0871,5
TEST_0872,5
TEST_0873,3
TEST_0874,2
TEST_0875,1
TEST_0876,4
TEST_0877,3
TEST_0878,4
TEST_0879,1
TEST_0880,2
TEST_0881,2
TEST_0882,1
TEST_0883,1
TEST_0884,5
TEST_0885,2
TEST_0886,5
TEST_0887,1
TEST_0888,3
TEST_0889,1
TEST_0890,3
TEST_0891,2
TEST_0892,0
TEST_0893,3
TEST_0894,1
TEST_0895,3
TEST_0896,2
TEST_0897,4
TEST_0898,1
TEST_0899,5
TEST_0900,5
TEST_0901,3
TEST_0902,2
TEST_0903,1
TEST_0904,0
TEST_0905,4
TEST_0906,3
TEST_0907,1
TEST_0908,3
TEST_0909,5
TEST_0910,3
TEST_0911,5
TEST_0912,2
TEST_0913,1
TEST_0914,0
TEST_0915,0
TEST_0916,0
TEST_0917,2
TEST_0918,5
TEST_0919,2
TEST_0920,5
TEST_0921,5
TEST_0922,0
TEST_0923,1
TEST_0924,4
TEST_0925,0
TEST_0926,5
TEST_0927,1
TEST_0928,5
TEST_0929,0
TEST_0930,4
TEST_0931,5
TEST_0932,2
TEST_0933,4
TEST_0934,0
TEST_0935,2
TEST_0936,2
TEST_0937,1
TEST_0938,5
TEST_0939,3
TEST_0940,0
TEST_0941,0
TEST_0942,0
TEST_0943,5
TEST_0944,5
TEST_0945,2
TEST_0946,0
TEST_0947,0
TEST_0948,2
TEST_0949,5
TEST_0950,5
TEST_0951,4
TEST_0952,3
TEST_0953,2
TEST_0954,0
TEST_0955,5
TEST_0956,4
TEST_0957,3
TEST_0958,2
TEST_0959,5
TEST_0960,2
TEST_0961,2
TEST_0962,4
TEST_0963,2
TEST_0964,2
TEST_0965,4
TEST_0966,1
TEST_0967,0
TEST_0968,2
TEST_0969,1
TEST_0970,0
TEST_0971,1
TEST_0972,3
TEST_0973,0
TEST_0974,2
TEST_0975,5
TEST_0976,3
TEST_0977,0
TEST_0978,4
TEST_0979,2
TEST_0980,0
TEST_0981,1
TEST_0982,5
TEST_0983,0
TEST_0984,2
TEST_0985,2
TEST_0986,0
TEST_0987,1
TEST_0988,3
TEST_0989,0
TEST_0990,5
TEST_0991,2
TEST_0992,5
TEST_0993,3
TEST_0994,5
TEST_0995,5
TEST_0996,3
TEST_0997,2
TEST_0998,0
TEST_0999,3
TEST_1000,3
TEST_1001,5
TEST_1002,4
TEST_1003,0
TEST_1004,5
TEST_1005,4
TEST_1006,0
TEST_1007,5
TEST_1008,4
TEST_1009,3
TEST_1010,1
TEST_1011,2
TEST_1012,4
TEST_1013,2
TEST_1014,4
TEST_1015,5
TEST_1016,4
TEST_1017,5
TEST_1018,5
TEST_1019,3
TEST_1020,4
TEST_1021,3
TEST_1022,4
TEST_1023,3
TEST_1024,1
TEST_1025,0
TEST_1026,5
TEST_1027,1
TEST_1028,4
TEST_1029,5
TEST_1030,1
TEST_1031,3
TEST_1032,3
TEST_1033,3
TEST_1034,2
TEST_1035,5
TEST_1036,1
TEST_1037,2
TEST_1038,0
TEST_1039,3
TEST_1040,5
TEST_1041,2
TEST_1042,0
TEST_1043,4
TEST_1044,1
TEST_1045,5
TEST_1046,1
TEST_1047,2
TEST_1048,0
TEST_1049,2
TEST_1050,5
TEST_1051,3
TEST_1052,3
TEST_1053,5
TEST_1054,2
TEST_1055,4
TEST_1056,1
TEST_1057,2
TEST_1058,0
TEST_1059,0
TEST_1060,2
TEST_1061,4
TEST_1062,4
TEST_1063,4
TEST_1064,1
TEST_1065,4
TEST_1066,4
TEST_1067,0
TEST_1068,0
TEST_1069,5
TEST_1070,2
TEST_1071,2
TEST_1072,1
TEST_1073,5
TEST_1074,2
TEST_1075,3
TEST_1076,1
TEST_1077,3
TEST_1078,2
TEST_1079,5
TEST_1080,5
TEST_1081,5
TEST_1082,2
TEST_1083,1
TEST_1084,3
TEST_1085,5
TEST_1086,2
TEST_1087,5
TEST_1088,3
TEST_1089,5
TEST_1090,5
TEST_1091,0
TEST_1092,1
TEST_1093,4
TEST_1094,4
TEST_1095,3
TEST_1096,3
TEST_1097,3
TEST_1098,1
TEST_1099,2
TEST_1100,0
TEST_1101,3
TEST_1102,4
TEST_1103,0
TEST_1104,5
TEST_1105,2
TEST_1106,2
TEST_1107,1
TEST_1108,5
TEST_1109,5
TEST_1110,5
TEST_1111,5
TEST_1112,5
TEST_1113,4
TEST_1114,5
TEST_1115,0
TEST_1116,3
TEST_1117,0
TEST_1118,0
TEST_1119,5
TEST_1120,1
TEST_1121,0
TEST_1122,5
TEST_1123,4
TEST_1124,3
TEST_1125,5
TEST_1126,1
TEST_1127,1
TEST_1128,3
TEST_1129,4
TEST_1130,3
TEST_1131,2
TEST_1132,3
TEST_1133,3
TEST_1134,0
TEST_1135,0
TEST_1136,3
TEST_1137,0
TEST_1138,5
TEST_1139,1
TEST_1140,0
TEST_1141,5
TEST_1142,1
TEST_1143,1
TEST_1144,2
TEST_1145,1
TEST_1146,5
TEST_1147,4
TEST_1148,4
TEST_1149,3
TEST_1150,5
TEST_1151,0
TEST_1152,1
TEST_1153,3
TEST_1154,1
TEST_1155,0
TEST_1156,2
TEST_1157,1
TEST_1158,1
TEST_1159,1
TEST_1160,2
TEST_1161,0
TEST_1162,4
TEST_1163,2
TEST_1164,2
TEST_1165,5
TEST_1166,2
TEST_1167,5
TEST_1168,1
TEST_1169,1
TEST_1170,0
TEST_1171,2
TEST_1172,4
TEST_1173,4
TEST_1174,3
TEST_1175,0
TEST_1176,4
TEST_1177,4
TEST_1178,3
TEST_1179,1
TEST_1180,5
TEST_1181,4
TEST_1182,4
TEST_1183,5
TEST_1184,4
TEST_1185,3
TEST_1186,2
TEST_1187,2
TEST_1188,0
TEST_1189,5
TEST_1190,3
TEST_1191,4
TEST_1192,1
TEST_1193,2
TEST_1194,3
TEST_1195,0
TEST_1196,4
TEST_1197,2
TEST_1198,4
TEST_1199,1
TEST_1200,5
TEST_1201,2
TEST_1202,2
TEST_1203,1
TEST_1204,2
TEST_1205,5
TEST_1206,2
TEST_1207,3
TEST_1208,1
TEST_1209,5
TEST_1210,0
TEST_1211,0
TEST_1212,3
TEST_1213,5
TEST_1214,0
TEST_1215,0
TEST_1216,5
TEST_1217,2
TEST_1218,2
TEST_1219,4
TEST_1220,3
TEST_1221,4
TEST_1222,4
TEST_1223,2
TEST_1224,2
TEST_1225,5
TEST_1226,5
TEST_1227,3
TEST_1228,0
TEST_1229,1
TEST_1230,0
TEST_1231,4
TEST_1232,0
TEST_1233,3
TEST_1234,4
TEST_1235,1
TEST_1236,2
TEST_1237,4
TEST_1238,2
TEST_1239,0
TEST_1240,1
TEST_1241,1
TEST_1242,4
TEST_1243,0
TEST_1244,4
TEST_1245,3
TEST_1246,4
TEST_1247,0
TEST_1248,5
TEST_1249,2
TEST_1250,1
TEST_1251,4
TEST_1252,2
TEST_1253,2
TEST_1254,0
TEST_1255,3
TEST_1256,4
TEST_1257,0
TEST_1258,0
TEST_1259,2
TEST_1260,1
TEST_1261,0
TEST_1262,2
TEST_1263,1
TEST_1264,4
TEST_1265,4
TEST_1266,1
TEST_1267,0
TEST_1268,5
TEST_1269,5
TEST_1270,4
TEST_1271,4
TEST_1272,5
TEST_1273,0
TEST_1274,2
TEST_1275,1
TEST_1276,5
TEST_1277,3
TEST_1278,5
TEST_1279,0
TEST_1280,1
TEST_1281,2
TEST_1282,5
TEST_1283,2
TEST_1284,1
TEST_1285,1
TEST_1286,2
TEST_1287,0
TEST_1288,0
TEST_1289,5
TEST_1290,3
TEST_1291,3
TEST_1292,0
TEST_1293,1
TEST_1294,4
TEST_1295,5
TEST_1296,5
TEST_1297,1
TEST_1298,0
TEST_1299,3
TEST_1300,5
TEST_1301,5
TEST_1302,4
TEST_1303,0
TEST_1304,2
TEST_1305,1
TEST_1306,5
TEST_1307,1
TEST_1308,1
TEST_1309,5
TEST_1310,2
TEST_1311,4
TEST_1312,2
TEST_1313,0
TEST_1314,2
TEST_1315,3
TEST_1316,4
TEST_1317,2
TEST_1318,4
TEST_1319,3
TEST_1320,4
TEST_1321,1
TEST_1322,3
TEST_1323,3
TEST_1324,5
TEST_1325,3
TEST_1326,3
TEST_1327,2
TEST_1328,0
TEST_1329,0
TEST_1330,0
TEST_1331,0
TEST_1332,0
TEST_1333,3
TEST_1334,0
TEST_1335,2
TEST_1336,1
TEST_1337,1
TEST_1338,4
TEST_1339,1
TEST_1340,2
TEST_1341,2
TEST_1342,1
TEST_1343,4
TEST_1344,3
TEST_1345,1
TEST_1346,3
TEST_1347,2
TEST_1348,3
TEST_1349,0
TEST_1350,0
TEST_1351,4
TEST_1352,2
TEST_1353,1
TEST_1354,0
TEST_1355,0
TEST_1356,1
TEST_1357,2
TEST_1358,4
TEST_1359,2
TEST_1360,0
TEST_1361,3
TEST_1362,2
TEST_1363,4
TEST_1364,5
TEST_1365,4
TEST_1366,0
TEST_1367,3
TEST_1368,5
TEST_1369,0
TEST_1370,4
TEST_1371,5
TEST_1372,5
TEST_1373,1
TEST_1374,2
TEST_1375,4
TEST_1376,3
TEST_1377,1
TEST_1378,5
TEST_1379,3
TEST_1380,5
TEST_1381,2
TEST_1382,2
TEST_1383,3
TEST_1384,0
TEST_1385,1
TEST_1386,0
TEST_1387,4
TEST_1388,1
TEST_1389,1
TEST_1390,4
TEST_1391,3
TEST_1392,3
TEST_1393,5
TEST_1394,1
TEST_1395,2
TEST_1396,4
TEST_1397,3
TEST_1398,3
TEST_1399,4
TEST_1400,4
TEST_1401,3
TEST_1402,3
TEST_1403,1
TEST_1404,1
TEST_1405,3
TEST_1406,3
TEST_1407,5
TEST_1408,1
TEST_1409,0
TEST_1410,3
TEST_1411,2
TEST_1412,3
TEST_1413,3
TEST_1414,5
TEST_1415,3
TEST_1416,0
TEST_1417,3
TEST_1418,3
TEST_1419,0
TEST_1420,3
TEST_1421,0
TEST_1422,2
TEST_1423,3
TEST_1424,4
TEST_1425,1
TEST_1426,5
TEST_1427,5
TEST_1428,4
TEST_1429,3
TEST_1430,1
TEST_1431,4
TEST_1432,4
TEST_1433,3
TEST_1434,1
TEST_1435,2
TEST_1436,4
TEST_1437,5
TEST_1438,0
TEST_1439,1
TEST_1440,5
TEST_1441,0
TEST_1442,5
TEST_1443,0
TEST_1444,1
TEST_1445,2
TEST_1446,0
TEST_1447,4
TEST_1448,0
TEST_1449,1
TEST_1450,4
TEST_1451,1
TEST_1452,2
TEST_1453,4
TEST_1454,1
TEST_1455,5
TEST_1456,1
TEST_1457,4
TEST_1458,2
TEST_1459,4
TEST_1460,5
TEST_1461,0
TEST_1462,3
TEST_1463,5
TEST_1464,3
TEST_1465,4
TEST_1466,1
TEST_1467,4
TEST_1468,2
TEST_1469,5
TEST_1470,4
TEST_1471,2
TEST_1472,0
TEST_1473,3
TEST_1474,5
TEST_1475,2
TEST_1476,3
TEST_1477,4
TEST_1478,1
TEST_1479,2
TEST_1480,2
TEST_1481,1
TEST_1482,4
TEST_1483,0
TEST_1484,2
TEST_1485,4
TEST_1486,4
TEST_1487,5
TEST_1488,5
TEST_1489,5
TEST_1490,0
TEST_1491,0
TEST_1492,4
TEST_1493,3
TEST_1494,4
TEST_1495,3
TEST_1496,1
TEST_1497,1
TEST_1498,2
TEST_1499,4
TEST_1500,5
TEST_1501,2
TEST_1502,0
TEST_1503,4
TEST_1504,3
TEST_1505,3
TEST_1506,3
TEST_1507,3
TEST_1508,1
TEST_1509,4
TEST_1510,5
TEST_1511,0
TEST_1512,2
TEST_1513,0
TEST_1514,5
TEST_1515,5
TEST_1516,3
TEST_1517,0
TEST_1518,5
TEST_1519,5
TEST_1520,3
TEST_1521,4
TEST_1522,1
TEST_1523,0
TEST_1524,1
TEST_1525,5
TEST_1526,5
TEST_1527,2
TEST_1528,4
TEST_1529,2
TEST_1530,1
TEST_1531,3
TEST_1532,3
TEST_1533,5
TEST_1534,0
TEST_1535,2
TEST_1536,5
TEST_1537,5
TEST_1538,0
TEST_1539,2
TEST_1540,1
TEST_1541,1
TEST_1542,1
TEST_1543,1
TEST_1544,2
TEST_1545,0
TEST_1546,0
TEST_1547,0
TEST_1548,5
TEST_1549,3
TEST_1550,1
TEST_1551,3
TEST_1552,4
TEST_1553,2
TEST_1554,1
TEST_1555,4
TEST_1556,1
TEST_1557,3
TEST_1558,2
TEST_1559,0
TEST_1560,3
TEST_1561,2
TEST_1562,5
TEST_1563,3
TEST_1564,3
TEST_1565,3
TEST_1566,4
TEST_1567,0
TEST_1568,1
TEST_1569,1
TEST_1570,1
TEST_1571,1
TEST_1572,3
TEST_1573,4
TEST_1574,4
TEST_1575,5
TEST_1576,5
TEST_1577,1
TEST_1578,5
TEST_1579,5
TEST_1580,0
TEST_1581,0
TEST_1582,0
TEST_1583,1
TEST_1584,1
TEST_1585,4
TEST_1586,0
TEST_1587,1
TEST_1588,5
TEST_1589,5
TEST_1590,1
TEST_1591,3
TEST_1592,2
TEST_1593,2
TEST_1594,0
TEST_1595,4
TEST_1596,3
TEST_1597,5
TEST_1598,1
TEST_1599,2
TEST_1600,5
TEST_1601,0
TEST_1602,2
TEST_1603,1
TEST_1604,3
TEST_1605,2
TEST_1606,3
TEST_1607,5
TEST_1608,4
TEST_1609,5
TEST_1610,3
TEST_1611,1
TEST_1612,2
TEST_1613,3
TEST_1614,1
TEST_1615,1
TEST_1616,2
TEST_1617,3
TEST_1618,4
TEST_1619,1
TEST_1620,1
TEST_1621,3
TEST_1622,4
TEST_1623,3
TEST_1624,5
TEST_1625,1
TEST_1626,2
TEST_1627,1
TEST_1628,2
TEST_1629,3
TEST_1630,0
TEST_1631,5
TEST_1632,2
TEST_1633,2
TEST_1634,2
TEST_1635,3
TEST_1636,0
TEST_1637,4
TEST_1638,3
TEST_1639,4
TEST_1640,5
TEST_1641,4
TEST_1642,0
TEST_1643,3
TEST_1644,5
TEST_1645,5
TEST_1646,0
TEST_1647,4
TEST_1648,0
TEST_1649,0
TEST_1650,0
TEST_1651,2
TEST_1652,3
TEST_1653,4
TEST_1654,2
TEST_1655,1
TEST_1656,1
TEST_1657,0
TEST_1658,0
TEST_1659,5
TEST_1660,0
TEST_1661,4
TEST_1662,1
TEST_1663,4
TEST_1664,4
TEST_1665,0
TEST_1666,5
TEST_1667,2
TEST_1668,1
TEST_1669,3
TEST_1670,4
TEST_1671,1
TEST_1672,1
TEST_1673,3
TEST_1674,0
TEST_1675,3
TEST_1676,1
TEST_1677,3
TEST_1678,0
TEST_1679,1
TEST_1680,2
TEST_1681,5
TEST_1682,0
TEST_1683,1
TEST_1684,2
TEST_1685,5
TEST_1686,2
TEST_1687,3
TEST_1688,1
TEST_1689,0
TEST_1690,2
TEST_1691,5
TEST_1692,2
TEST_1693,3
TEST_1694,1
TEST_1695,1
TEST_1696,2
TEST_1697,5
TEST_1698,3
TEST_1699,2
TEST_1700,5
TEST_1701,1
TEST_1702,4
TEST_1703,2
TEST_1704,3
TEST_1705,4
TEST_1706,5
TEST_1707,0
TEST_1708,0
TEST_1709,2
TEST_1710,5
TEST_1711,2
TEST_1712,5
TEST_1713,2
TEST_1714,5
TEST_1715,5
TEST_1716,3
TEST_1717,4
TEST_1718,4
TEST_1719,5
TEST_1720,0
TEST_1721,4
TEST_1722,0
TEST_1723,2
TEST_1724,3
TEST_1725,3
TEST_1726,0
TEST_1727,0
TEST_1728,1
TEST_1729,2
TEST_1730,4
TEST_1731,3
TEST_1732,0
TEST_1733,1
TEST_1734,3
TEST_1735,3
TEST_1736,2
TEST_1737,1
TEST_1738,0
TEST_1739,3
TEST_1740,0
TEST_1741,3
TEST_1742,3
TEST_1743,5
TEST_1744,5
TEST_1745,2
TEST_1746,2
TEST_1747,2
TEST_1748,1
TEST_1749,0
TEST_1750,3
TEST_1751,4
TEST_1752,5
TEST_1753,1
TEST_1754,0
TEST_1755,5
TEST_1756,2
TEST_1757,2
TEST_1758,1
TEST_1759,5
TEST_1760,3
TEST_1761,4
TEST_1762,3
TEST_1763,0
TEST_1764,4
TEST_1765,0
TEST_1766,5
TEST_1767,2
TEST_1768,4
TEST_1769,1
TEST_1770,4
TEST_1771,3
TEST_1772,5
TEST_1773,3
TEST_1774,0
TEST_1775,3
TEST_1776,4
TEST_1777,2
TEST_1778,1
TEST_1779,4
TEST_1780,4
TEST_1781,1
TEST_1782,5
TEST_1783,5
TEST_1784,1
TEST_1785,2
TEST_1786,5
TEST_1787,4
TEST_1788,1
TEST_1789,2
TEST_1790,0
TEST_1791,3
TEST_1792,2
TEST_1793,5
TEST_1794,5
TEST_1795,3
TEST_1796,0
TEST_1797,1
TEST_1798,3
TEST_1799,1
TEST_1800,5
TEST_1801,3
TEST_1802,4
TEST_1803,2
TEST_1804,4
TEST_1805,4
TEST_1806,4
TEST_1807,1
TEST_1808,0
TEST_1809,1
TEST_1810,1
TEST_1811,2
TEST_1812,0
TEST_1813,3
TEST_1814,5
TEST_1815,3
TEST_1816,1
TEST_1817,5
TEST_1818,1
TEST_1819,0
TEST_1820,0
TEST_1821,1
TEST_1822,5
TEST_1823,1
TEST_1824,2
TEST_1825,1
TEST_1826,2
TEST_1827,4
TEST_1828,3
TEST_1829,2
TEST_1830,3
TEST_1831,5
TEST_1832,4
TEST_1833,4
TEST_1834,0
TEST_1835,1
TEST_1836,0
TEST_1837,2
TEST_1838,4
TEST_1839,2
TEST_1840,0
TEST_1841,2
TEST_1842,2
TEST_1843,0
TEST_1844,5
TEST_1845,5
TEST_1846,3
TEST_1847,5
TEST_1848,3
TEST_1849,1
TEST_1850,2
TEST_1851,5
TEST_1852,5
TEST_1853,0
TEST_1854,0
TEST_1855,3
TEST_1856,3
TEST_1857,2
TEST_1858,3
TEST_1859,3
TEST_1860,1
TEST_1861,4
TEST_1862,0
TEST_1863,1
TEST_1864,1
TEST_1865,5
TEST_1866,5
TEST_1867,5
TEST_1868,0
TEST_1869,2
TEST_1870,3
TEST_1871,4
TEST_1872,3
TEST_1873,0
TEST_1874,4
TEST_1875,2
TEST_1876,1
TEST_1877,5
TEST_1878,3
TEST_1879,2
TEST_1880,2
